"ID";"X3.Forest_1985";"X5.Mangrove_1985";"X6.Floodable_Formation_1985";"X33.RiverLakeOcean_1985";"X41.OtherTemporaryPond_1985";"X12.Grassland_1985";"X29.RockyOutcrop_1985";"X15.Pasture_1985";"X24.UrbanArea_1985";"X25.OtherNonVegetable_1985";"X0.x";"X30.Mining_1985";"X4.Savanna_Fomation_1985";"X11.Wetland_1985";"X21.MosaicOfUse_1985";"X3.Forest_2000";"X5.Mangrove_2000";"X6.Floodable_Formation_2000";"X30.Mining_2000";"X33.RiverLakeOcean_2000";"X12.Grassland_2000";"X29.RockyOutcrop_2000";"X15.Pasture_2000";"X24.UrbanArea_2000";"X25.OtherNonVegetable_2000";"X41.OtherTemporaryPond_2000";"X4.Savanna_Fomation_2000";"X11.Wetland_2000";"X21.MosaicOfUse_2000";"X39.Soybean_2000";"X9.ForestPlantation_2000";"X0.y";"X3.Forest_2015";"X5.Mangrove_2015";"X6.Floodable_Formation_2015";"X30.Mining_2015";"X33.RiverLakeOcean_2015";"X11.Wetland_2015";"X12.Grassland_2015";"X29.RockyOutcrop_2015";"X0.x.x";"X15.Pasture_2015";"X24.UrbanArea_2015";"X25.OtherNonVegetable_2015";"X41.OtherTemporaryPond_2015";"X4.Savanna_Fomation_2015";"X21.MosaicOfUse_2015";"X39.Soybean_2015";"X9.ForestPlantation_2015";"X3.Forest_2024";"X5.Mangrove_2024";"X6.Floodable_Formation_2024";"X30.Mining_2024";"X32.Hypersaline_2024";"X33.RiverLakeOcean_2024";"X12.Grassland_2024";"X29.RockyOutcrop_2024";"X15.Pasture_2024";"X24.UrbanArea_2024";"X25.OtherNonVegetable_2024";"X39.Soybean_2024";"X4.Savanna_Fomation_2024";"X11.Wetland_2024";"X21.MosaicOfUse_2024";"X41.OtherTemporaryPond_2024";"X9.ForestPlantation_2024";"X0.y.y";"latitude";"longitude";"morfotipo"
"1";2180;492;480;69;294;0;0;0;0;0;0;0;0;0;0;2415;513;541;5;41;0;0;0;0;0;0;0;0;0;0;0;0;2415;486;570;5;39;0;0;0;0;0;0;0;0;0;0;0;0;2415;500;546;5;6;43;0;0;0;0;0;0;0;0;0;0;0;0;"-2,68877";"-44,33498";"orange"
"2";2312;0;551;136;0;294;146;0;0;0;0;0;0;0;0;2311;0;627;0;61;294;146;0;0;0;0;0;0;0;0;0;0;2302;0;620;0;71;5;295;146;0;0;0;0;0;0;0;0;0;2308;0;656;0;0;36;293;146;0;0;0;0;0;0;0;0;0;0;"-9,58188";"-55,91805";"yellow with black vermiculations"
"3";3503;0;0;0;0;0;0;0;0;0;0;0;0;0;0;3503;0;0;0;0;0;0;0;0;0;0;0;0;0;0;0;0;3214;0;0;283;6;0;0;0;0;0;0;0;0;0;0;0;0;3146;0;0;357;0;0;0;0;0;0;0;0;0;0;0;0;0;0;"-5,77051";"-50,57191";"red"
"4";2145;0;757;135;0;293;103;0;0;0;0;0;0;0;0;2144;0;846;0;47;293;103;0;0;0;0;0;0;0;0;0;0;2135;0;838;0;58;5;294;103;0;0;0;0;0;0;0;0;0;2140;0;871;0;0;26;293;103;0;0;0;0;0;0;0;0;0;0;"-9,57958";"-55,91738";"yellow with black vermiculations"
"5";204;0;0;0;0;0;0;1646;1606;1;0;0;0;0;0;51;0;0;0;0;0;0;1235;2149;22;0;0;0;0;0;0;0;94;0;0;0;0;0;0;0;1;911;2247;197;7;0;0;0;0;129;0;0;0;0;0;0;0;792;2288;248;0;0;0;0;0;0;0;"-3,30323";"-52,54046";"orange"
"6";0;0;0;0;0;0;0;0;3389;0;0;0;0;0;0;0;0;0;0;0;0;0;0;3389;0;0;0;0;0;0;0;0;0;0;0;0;0;0;0;0;0;0;3389;0;0;0;0;0;0;0;0;0;0;0;0;0;0;0;3389;0;0;0;0;0;0;0;0;"-4,26473";"-55,99195";"yellow"
"7";3052;0;0;0;0;136;291;0;0;0;31;0;0;0;0;2904;0;0;0;0;140;291;175;0;0;0;0;0;0;0;0;0;2970;0;0;0;0;0;140;291;0;109;0;0;0;0;0;0;0;2653;0;0;0;0;0;119;291;447;0;0;0;0;0;0;0;0;0;"-6,45076";"-49,69564";"black with a varied cream pattern"
"8";3097;0;308;80;0;0;0;1;0;0;0;0;0;0;0;3054;0;274;0;156;0;0;2;0;0;0;0;0;0;0;0;0;3056;0;275;0;135;0;0;0;0;12;0;8;0;0;0;0;0;2909;0;321;0;0;99;0;0;150;0;7;0;0;0;0;0;0;0;"-2,98686";"-50,44056";"yellow"
"9";2562;0;749;135;0;0;0;0;0;0;0;0;0;0;0;2564;0;779;0;103;0;0;0;0;0;0;0;0;0;0;0;0;2522;0;787;0;102;0;0;0;35;0;0;0;0;0;0;0;0;2557;0;808;0;0;81;0;0;0;0;0;0;0;0;0;0;0;0;"-9,59749";"-55,9321";"yellow with black vermiculations"
"10";2560;0;745;133;0;0;0;0;0;0;0;0;0;0;0;2562;0;775;0;101;0;0;0;0;0;0;0;0;0;0;0;0;2520;0;783;0;100;0;0;0;35;0;0;0;0;0;0;0;0;2555;0;805;0;0;78;0;0;0;0;0;0;0;0;0;0;0;0;"-9,5979";"-55,93116";"yellow with black vermiculations"
"11";2172;0;0;0;0;50;108;1179;0;0;0;0;0;0;0;848;0;0;0;0;34;112;2515;0;0;0;0;0;0;0;0;0;875;0;0;0;0;0;28;113;0;2493;0;0;0;0;0;0;0;839;0;0;0;0;0;26;129;2515;0;0;0;0;0;0;0;0;0;"-6,71253";"-50,34195";"yellow"
"12";3507;0;0;0;0;0;0;0;0;0;0;0;0;0;0;3507;0;0;0;0;0;0;0;0;0;0;0;0;0;0;0;0;3507;0;0;0;0;0;0;0;0;0;0;0;0;0;0;0;0;3507;0;0;0;0;0;0;0;0;0;0;0;0;0;0;0;0;0;"-6,0608";"-49,93168";"black"
"13";3341;0;19;111;0;0;0;0;0;0;0;0;0;0;0;3285;0;14;0;162;0;0;0;0;10;0;0;0;0;0;0;0;3312;0;18;0;141;0;0;0;0;0;0;0;0;0;0;0;0;3325;0;19;0;0;127;0;0;0;0;0;0;0;0;0;0;0;0;"-1,73522";"-51,46073";"orange"
"14";3349;0;14;108;0;0;0;0;0;0;0;0;0;0;0;3289;0;10;0;172;0;0;0;0;0;0;0;0;0;0;0;0;3312;0;12;0;147;0;0;0;0;0;0;0;0;0;0;0;0;3317;0;12;0;0;142;0;0;0;0;0;0;0;0;0;0;0;0;"-1,72902";"-51,46047";"orange"
"15";3016;0;0;0;0;0;0;0;337;150;0;0;0;0;0;3085;0;0;0;0;0;0;0;343;75;0;0;0;0;0;0;0;3117;0;0;0;0;0;0;0;0;0;345;41;0;0;0;0;0;3076;0;0;2;0;0;0;0;0;347;78;0;0;0;0;0;0;0;"-6,06082";"-50,06348";"black"
"16";3312;0;0;159;0;37;0;0;0;0;0;0;0;0;0;3216;0;0;0;159;37;0;0;96;0;0;0;0;0;0;0;0;1490;0;0;1616;322;30;0;0;0;0;50;0;0;0;0;0;0;670;0;0;2755;0;19;0;0;64;0;0;0;0;0;0;0;0;0;"-5,7846";"-50,5196";"red"
"17";3207;0;0;292;0;0;0;0;0;0;0;0;0;0;0;3207;0;0;0;292;0;0;0;0;0;0;0;0;0;0;0;0;2700;0;0;293;503;0;0;0;0;3;0;0;0;0;0;0;0;2648;0;0;496;0;355;0;0;0;0;0;0;0;0;0;0;0;0;"-5,83389";"-50,53808";"red"
"18";2466;0;0;32;0;352;576;0;0;62;0;15;0;0;0;1557;0;0;1928;5;2;0;5;6;0;0;0;0;0;0;0;0;1524;0;0;1813;112;0;2;47;0;5;0;0;0;0;0;0;0;1395;0;0;2062;0;33;2;6;5;0;0;0;0;0;0;0;0;0;"-6,03516";"-50,5734";"light sky blue"
"19";2194;0;746;135;0;201;167;0;0;0;0;0;0;0;0;2193;0;804;0;78;201;167;0;0;0;0;0;0;0;0;0;0;2191;0;793;0;86;5;201;167;0;0;0;0;0;0;0;0;0;2189;0;835;0;0;50;202;167;0;0;0;0;0;0;0;0;0;0;"-9,58374";"-55,92192";"yellow with black vermiculations"
"20";3513;0;0;0;0;0;0;0;0;0;0;0;0;0;0;3513;0;0;0;0;0;0;0;0;0;0;0;0;0;0;0;0;3513;0;0;0;0;0;0;0;0;0;0;0;0;0;0;0;0;3513;0;0;0;0;0;0;0;0;0;0;0;0;0;0;0;0;0;"-6,08827";"-50,03442";"black"
"21";2012;0;1008;133;0;241;45;0;0;0;0;0;0;0;0;2011;0;1098;0;44;241;45;0;0;0;0;0;0;0;0;0;0;2002;0;1093;0;52;5;242;45;0;0;0;0;0;0;0;0;0;2009;0;1124;0;0;22;239;45;0;0;0;0;0;0;0;0;0;0;"-9,57714";"-55,91821";"yellow with black vermiculations"
"22";2102;0;922;87;0;269;59;0;0;0;0;0;0;0;0;2102;0;983;0;26;269;59;0;0;0;0;0;0;0;0;0;0;2052;0;985;0;30;0;266;60;0;46;0;0;0;0;0;0;0;2065;0;1001;0;0;11;250;70;42;0;0;0;0;0;0;0;0;0;"-9,57684";"-55,91365";"yellow with black vermiculations"
"23";3272;0;0;0;0;0;0;145;0;0;0;0;0;0;0;2869;0;0;0;0;0;0;531;0;5;12;0;0;0;0;0;0;2667;0;0;0;0;0;0;0;0;706;0;0;44;0;0;0;0;2852;0;0;0;0;0;0;0;537;0;0;28;0;0;0;0;0;0;"-2,53941";"-54,85664";"orange"
"24";2698;0;4;0;0;428;380;0;0;0;0;0;0;0;0;2410;0;0;0;0;428;380;292;0;0;0;0;0;0;0;0;0;1465;0;0;0;0;0;430;394;0;1221;0;0;0;0;0;0;0;1553;0;0;0;0;0;422;394;1141;0;0;0;0;0;0;0;0;0;"-6,46837";"-50,05682";"black with a varied cream pattern"
"25";3502;0;0;0;0;0;0;0;0;0;0;0;0;0;0;3502;0;0;0;0;0;0;0;0;0;0;0;0;0;0;0;0;1455;0;0;0;0;0;0;0;0;2047;0;0;0;0;0;0;0;793;0;0;0;0;0;0;0;2709;0;0;0;0;0;0;0;0;0;"-5,33237";"-50,18287";"yellow"
"26";2207;0;0;8;0;0;0;272;0;24;0;0;317;8;691;2018;0;0;0;17;0;0;806;57;132;0;299;10;176;12;0;0;2173;0;0;0;0;15;0;0;0;779;114;9;0;259;98;80;0;2078;0;0;0;0;0;0;0;824;117;3;6;200;15;204;80;0;0;"-7,10309";"-48,19925";"orange"
"27";3482;0;0;0;0;0;0;0;0;26;0;0;0;0;0;2754;0;0;0;0;0;0;705;0;49;0;0;0;0;0;0;0;3247;0;0;81;0;0;0;0;0;180;0;0;0;0;0;0;0;3318;0;0;107;0;0;0;0;83;0;0;0;0;0;0;0;0;0;"-6,45255";"-50,05057";"black with blue to green spots"
"28";3482;0;0;0;0;0;0;0;0;26;0;0;0;0;0;2754;0;0;0;0;0;0;705;0;49;0;0;0;0;0;0;0;3247;0;0;81;0;0;0;0;0;180;0;0;0;0;0;0;0;3318;0;0;107;0;0;0;0;83;0;0;0;0;0;0;0;0;0;"-6,45255";"-50,05057";"black with a varied cream pattern"
"29";2657;0;215;0;0;377;262;0;0;0;0;0;0;0;0;2215;0;150;0;0;377;262;507;0;0;0;0;0;0;0;0;0;1229;0;74;0;0;0;379;271;0;1558;0;0;0;0;0;0;0;1439;0;79;0;0;0;371;271;1351;0;0;0;0;0;0;0;0;0;"-6,46846";"-50,05409";"black with a varied cream pattern"
"30";3410;0;0;0;0;28;0;24;0;36;0;0;0;10;0;2446;0;0;0;0;28;0;952;0;71;0;0;11;0;0;0;0;2955;0;0;339;33;0;0;0;0;181;0;0;0;0;0;0;0;2955;0;0;480;0;0;0;0;73;0;0;0;0;0;0;0;0;0;"-6,448";"-50,05219";"black with a varied cream pattern"
"31";3527;0;0;0;0;0;0;0;0;0;0;0;0;0;0;1423;0;0;0;0;0;0;2104;0;0;0;0;0;0;0;0;0;1085;0;0;0;0;0;0;0;0;2442;0;0;0;0;0;0;0;916;0;0;0;0;0;0;0;2611;0;0;0;0;0;0;0;0;0;"-7,98666";"-49,39783";"orange"
"32";3096;0;0;0;0;10;0;285;0;0;0;0;59;39;0;1127;0;0;0;0;1;0;2241;1;41;0;2;76;0;0;0;0;983;0;0;0;60;7;0;0;0;2359;56;0;0;24;0;0;0;769;0;4;0;0;32;0;0;2509;134;0;5;2;6;0;28;0;0;"-3,81705";"-50,64853";"orange"
"33";214;0;0;27;0;0;0;688;1886;633;0;0;76;0;0;287;0;0;0;0;0;0;682;2024;486;0;45;0;0;0;0;0;320;0;0;0;0;0;0;0;2;682;2289;190;0;41;0;0;0;276;0;0;0;0;0;0;0;679;2319;137;0;25;0;0;88;0;0;"-4,95371";"-47,5035";"orange"
"34";216;0;0;27;0;0;0;718;1828;649;0;0;80;0;0;290;0;0;0;0;0;0;711;1969;499;0;49;0;0;0;0;0;323;0;0;0;0;0;0;0;2;713;2246;190;0;44;0;0;0;278;0;0;0;0;0;0;0;714;2277;135;0;26;0;0;88;0;0;"-4,95395";"-47,50356";"orange"
"35";0;0;0;1091;0;0;0;0;1501;888;0;0;0;0;0;0;0;0;0;1134;0;0;0;2320;26;0;0;0;0;0;0;0;0;0;0;0;1128;0;0;0;0;0;2348;4;0;0;0;0;0;0;0;0;0;0;1111;0;0;0;2360;9;0;0;0;0;0;0;0;"-1,93654";"-50,81734";"yellow"
"36";2783;0;282;67;0;158;152;0;0;0;0;0;0;0;0;2779;0;315;0;38;158;152;0;0;0;0;0;0;0;0;0;0;2779;0;309;0;44;0;158;152;0;0;0;0;0;0;0;0;0;2779;0;325;0;0;28;158;152;0;0;0;0;0;0;0;0;0;0;"-9,58963";"-55,91832";"yellow with black vermiculations"
"37";2308;0;920;125;0;58;27;0;0;0;0;0;0;0;0;2308;0;975;0;70;58;27;0;0;0;0;0;0;0;0;0;0;2258;0;979;0;72;0;55;28;0;46;0;0;0;0;0;0;0;2268;0;1016;0;0;32;42;38;42;0;0;0;0;0;0;0;0;0;"-9,57133";"-55,9078";"yellow with black vermiculations"
"38";0;0;0;4;0;0;0;593;2801;125;0;0;0;0;0;0;0;0;0;4;0;0;39;3448;32;0;0;0;0;0;0;0;0;0;0;0;9;0;0;0;0;1;3501;12;0;0;0;0;0;0;0;0;0;0;0;0;0;0;3509;14;0;0;0;0;0;0;0;"-2,99131";"-47,35385";"orange"
"39";1650;0;346;1478;0;0;0;0;0;0;0;0;0;0;0;1638;0;309;0;1527;0;0;0;0;0;0;0;0;0;0;0;0;1641;0;298;0;1535;0;0;0;0;0;0;0;0;0;0;0;0;1656;0;234;0;0;1584;0;0;0;0;0;0;0;0;0;0;0;0;"-1,79008";"-51,43886";"orange"
"40";2852;0;0;0;0;0;0;640;0;0;0;0;0;0;0;2836;0;0;0;0;0;0;656;0;0;0;0;0;0;0;0;0;3492;0;0;0;0;0;0;0;0;0;0;0;0;0;0;0;0;3492;0;0;0;0;0;0;0;0;0;0;0;0;0;0;0;0;0;"-2,9511";"-50,21469";"yellow"
"41";3509;0;0;0;0;0;0;0;0;0;0;0;0;0;0;3509;0;0;0;0;0;0;0;0;0;0;0;0;0;0;0;0;3293;0;0;0;0;0;0;0;0;0;0;0;9;0;0;207;0;3249;0;0;0;0;0;0;0;0;0;0;237;0;0;0;23;0;0;"-3,12392";"-47,6553";"orange"
"42";3522;0;0;0;0;0;0;0;0;0;0;0;0;0;0;3522;0;0;0;0;0;0;0;0;0;0;0;0;0;0;0;0;3521;0;0;0;0;0;0;0;0;1;0;0;0;0;0;0;0;3519;0;0;0;0;0;0;0;3;0;0;0;0;0;0;0;0;0;"-4,89622";"-47,29731";"orange"
"43";3371;0;96;0;0;0;0;5;0;0;0;0;0;0;0;2020;0;55;0;0;0;0;1382;0;15;0;0;0;0;0;0;0;1219;0;73;0;0;0;0;0;0;2180;0;0;0;0;0;0;0;1296;0;98;0;0;0;0;0;2078;0;0;0;0;0;0;0;0;0;"-3,09119";"-51,64289";"orange"
"44";396;0;0;0;0;217;0;297;2297;201;0;0;100;0;0;17;0;0;0;0;59;0;708;2691;0;0;33;0;0;0;0;0;8;0;0;0;0;0;73;0;0;582;2781;22;0;42;0;0;0;2;0;0;67;0;0;34;3;569;2787;5;0;25;0;0;16;0;0;"-6,09949";"-49,60553";"black with a varied cream pattern"
"45";3520;0;0;0;0;0;0;0;0;0;0;0;0;0;0;2886;0;0;0;0;0;0;0;0;0;0;0;0;0;0;634;0;2578;0;0;0;0;0;0;0;0;0;0;0;0;0;0;0;942;2307;0;0;0;0;0;0;0;16;0;0;0;0;0;0;0;1197;0;"-5,06199";"-47,70787";"orange"
"46";3006;0;0;417;0;50;0;0;0;0;0;29;0;0;0;2865;0;0;56;417;50;0;0;114;0;0;0;0;0;0;0;0;1676;0;0;1338;442;6;1;0;0;0;39;0;0;0;0;0;0;1047;0;0;2127;0;298;0;0;30;0;0;0;0;0;0;0;0;0;"-5,77977";"-50,52523";"orange"
"47";1006;0;0;0;0;78;20;2431;0;0;0;0;0;0;0;550;0;0;0;0;62;14;2909;0;0;0;0;0;0;0;0;0;367;0;0;0;0;0;62;14;0;3092;0;0;0;0;0;0;0;238;0;0;0;0;0;62;14;3208;0;0;0;0;0;0;13;0;0;"-8,15559";"-49,3813";"orange"
"48";3471;0;0;0;0;37;0;0;0;0;0;0;0;0;0;526;0;0;0;0;44;0;2938;0;0;0;0;0;0;0;0;0;1584;0;0;0;0;0;44;0;0;1880;0;0;0;0;0;0;0;731;0;0;0;0;0;19;0;2758;0;0;0;0;0;0;0;0;0;"-5,8235";"-49,40351";"wine"
"49";3215;0;54;209;0;0;0;0;0;0;0;0;0;0;0;3175;0;45;0;248;0;0;0;0;10;0;0;0;0;0;0;0;3186;0;51;0;241;0;0;0;0;0;0;0;0;0;0;0;0;3199;0;47;0;0;232;0;0;0;0;0;0;0;0;0;0;0;0;"-1,73727";"-51,45541";"orange"
"50";2989;0;0;0;0;364;157;0;0;0;0;0;0;0;0;2252;0;0;0;0;338;159;761;0;0;0;0;0;0;0;0;0;2070;0;0;0;0;0;355;158;0;927;0;0;0;0;0;0;0;1907;0;0;0;0;0;195;169;1239;0;0;0;0;0;0;0;0;0;"-6,31779";"-49,85305";"black with blue to green spots"
"51";3169;0;0;0;0;0;0;0;199;139;0;0;0;0;0;3236;0;0;0;0;0;0;0;205;66;0;0;0;0;0;0;0;3267;0;0;0;0;0;0;0;0;0;205;35;0;0;0;0;0;3226;0;0;0;0;0;0;0;0;207;74;0;0;0;0;0;0;0;"-6,05983";"-50,06302";"black"
"52";2547;0;763;134;0;0;0;0;0;0;0;0;0;0;0;2549;0;793;0;102;0;0;0;0;0;0;0;0;0;0;0;0;2507;0;801;0;101;0;0;0;35;0;0;0;0;0;0;0;0;2542;0;821;0;0;81;0;0;0;0;0;0;0;0;0;0;0;0;"-9,5975";"-55,93133";"yellow with black vermiculations"
"53";1600;0;1577;0;0;7;0;245;0;71;0;0;0;0;0;1367;0;1523;0;0;7;0;580;0;19;0;0;0;0;0;0;4;1183;0;1535;0;0;10;0;0;0;759;0;13;0;0;0;0;0;985;0;1399;0;0;0;0;0;1102;0;14;0;0;0;0;0;0;0;NA;NA;NA
"54";3278;0;240;0;0;0;0;0;0;0;0;0;0;0;0;3278;0;240;0;0;0;0;0;0;0;0;0;0;0;0;0;0;3278;0;240;0;0;0;0;0;0;0;0;0;0;0;0;0;0;3278;0;240;0;0;0;0;0;0;0;0;0;0;0;0;0;0;0;"-1,60458";"-48,56085";"yellow"
"55";1872;0;0;0;0;0;0;1588;0;0;0;0;0;0;0;1221;0;0;0;0;0;0;2239;0;0;0;0;0;0;0;0;0;1532;0;0;0;0;0;0;0;0;1928;0;0;0;0;0;0;0;1599;0;0;0;0;0;0;0;1861;0;0;0;0;0;0;0;0;0;"-6,12859";"-48,41992";"orange"
"56";2547;0;763;134;0;0;0;0;0;0;0;0;0;0;0;2549;0;793;0;102;0;0;0;0;0;0;0;0;0;0;0;0;2507;0;801;0;101;0;0;0;35;0;0;0;0;0;0;0;0;2542;0;821;0;0;81;0;0;0;0;0;0;0;0;0;0;0;0;"-3,37722";"-52,57555";"orange"
"57";3390;0;0;0;0;0;0;124;0;0;0;0;0;0;0;2995;0;0;2;0;0;0;517;0;0;0;0;0;0;0;0;0;3118;0;0;240;20;0;0;0;0;136;0;0;0;0;0;0;0;176;0;0;3307;0;0;0;0;31;0;0;0;0;0;0;0;0;0;"-9,5975";"-55,93133";"yellow with black vermiculations"
"58";2777;0;156;21;0;349;132;0;0;0;0;0;0;0;0;2773;0;158;0;19;353;132;0;0;0;0;0;0;0;0;0;0;2773;0;159;0;18;0;353;132;0;0;0;0;0;0;0;0;0;2760;0;176;0;0;0;307;153;39;0;0;0;0;0;0;0;0;0;"-3,29565";"-47,73867";"orange"
"59";3440;0;0;0;0;0;0;0;0;0;0;0;0;0;0;3440;0;0;0;0;0;0;0;0;0;0;0;0;0;0;0;0;3440;0;0;0;0;0;0;0;0;0;0;0;0;0;0;0;0;3440;0;0;0;0;0;0;0;0;0;0;0;0;0;0;0;0;0;"-9,55562";"-55,92156";"yellow with black vermiculations"
"60";3237;0;0;0;0;0;0;0;154;123;0;0;0;0;0;3286;0;0;0;0;0;0;0;156;72;0;0;0;0;0;0;0;3327;0;0;0;0;0;0;0;0;0;158;29;0;0;0;0;0;3286;0;0;0;0;0;0;0;0;163;65;0;0;0;0;0;0;0;"-9,25833";"-55,6867";"yellow with black vermiculations"
"61";2434;0;522;111;0;214;156;0;0;0;0;0;0;0;0;2433;0;574;0;60;214;156;0;0;0;0;0;0;0;0;0;0;2431;0;564;0;67;5;214;156;0;0;0;0;0;0;0;0;0;2430;0;594;0;0;43;214;156;0;0;0;0;0;0;0;0;0;0;"-6,06156";"-50,05952";"black"
"62";866;0;0;100;0;0;0;2543;0;7;0;0;0;0;0;179;0;0;0;78;11;0;3247;0;0;0;0;1;0;0;0;0;187;0;0;0;26;0;66;0;0;3237;0;0;0;0;0;0;0;175;0;0;0;0;69;3;0;3238;0;5;7;0;10;0;9;0;0;"-9,58579";"-55,9204";"yellow with black vermiculations"
"63";3271;0;0;0;0;0;0;216;0;0;0;0;0;7;0;3100;0;0;0;0;0;0;394;0;0;0;0;0;0;0;0;0;2086;0;0;0;0;0;0;0;0;1408;0;0;0;0;0;0;0;2033;0;0;0;0;0;0;0;1461;0;0;0;0;0;0;0;0;0;"-6,60489";"-49,35898";"orange"
"64";2914;0;0;0;0;0;0;523;0;0;0;0;61;0;0;2800;0;0;0;0;0;0;654;0;13;0;31;0;0;0;0;0;1692;0;0;0;0;0;0;0;0;1799;0;0;0;7;0;0;0;1556;0;0;0;0;0;0;0;1942;0;0;0;0;0;0;0;0;0;"-4,2079";"-50,01237";"orange"
"65";3481;0;0;0;0;0;0;0;0;0;0;0;0;0;0;3481;0;0;0;0;0;0;0;0;0;0;0;0;0;0;0;0;3481;0;0;0;0;0;0;0;0;0;0;0;0;0;0;0;0;3454;0;0;0;0;0;0;0;23;0;4;0;0;0;0;0;0;0;"-4,20239";"-50,0142";"orange"
"66";3492;0;0;0;0;0;0;0;0;0;0;0;0;0;0;3376;0;0;0;0;0;0;116;0;0;0;0;0;0;0;0;0;3450;0;0;0;0;0;0;0;0;42;0;0;0;0;0;0;0;3004;0;0;0;0;0;0;0;469;0;0;19;0;0;0;0;0;0;"-3,9474";"-51,32802";"light sky blue"
"67";2544;0;760;135;0;0;0;0;0;0;0;0;0;0;0;2546;0;790;0;103;0;0;0;0;0;0;0;0;0;0;0;0;2504;0;798;0;102;0;0;0;35;0;0;0;0;0;0;0;0;2539;0;819;0;0;81;0;0;0;0;0;0;0;0;0;0;0;0;"-3,70002";"-50,55042";"orange"
"68";2682;0;0;0;0;0;0;793;0;0;0;0;0;0;0;2387;0;0;0;0;0;0;1088;0;0;0;0;0;0;0;0;0;2369;0;0;0;0;0;0;0;0;1106;0;0;0;0;0;0;0;2343;0;0;0;0;0;0;0;1132;0;0;0;0;0;0;0;0;0;"-9,59759";"-55,93126";"yellow with black vermiculations"
"69";3040;0;0;0;0;0;0;456;0;0;0;0;0;0;0;2883;0;0;0;0;0;0;613;0;0;0;0;0;0;0;0;0;3073;0;0;0;0;0;0;0;0;423;0;0;0;0;0;0;0;2543;0;0;0;0;0;0;0;953;0;0;0;0;0;0;0;0;0;"-3,07444";"-51,45305";"light sky blue"
"70";3524;0;0;0;0;0;0;0;0;0;0;0;9;0;0;1925;0;0;0;0;0;0;1597;0;0;0;11;0;0;0;0;0;1395;0;0;0;0;0;0;0;0;2117;0;0;10;11;0;0;0;1185;0;0;0;0;0;0;0;2125;0;0;51;11;0;0;161;0;0;"-3,91315";"-50,41886";"yellow"
"71";3471;0;0;0;0;0;0;0;0;0;0;0;0;0;0;3471;0;0;0;0;0;0;0;0;0;0;0;0;0;0;0;0;3471;0;0;0;0;0;0;0;0;0;0;0;0;0;0;0;0;3471;0;0;0;0;0;0;0;0;0;0;0;0;0;0;0;0;0;"-7,989";"-49,40879";"yellow"
"72";3478;0;0;0;0;0;0;0;0;0;0;0;0;0;0;3321;0;0;0;0;0;0;157;0;0;0;0;0;0;0;0;0;3320;0;0;0;0;0;0;0;0;158;0;0;0;0;0;0;0;3318;0;0;0;0;0;0;0;160;0;0;0;0;0;0;0;0;0;"-3,60805";"-51,67883";"orange"
"73";27;0;0;0;0;0;0;95;3313;2;0;0;59;0;35;0;0;0;0;0;0;0;0;3530;0;0;1;0;0;0;0;0;0;0;0;0;0;0;0;0;0;0;3530;0;0;1;0;0;0;0;0;0;0;0;0;0;0;0;3530;0;0;1;0;0;0;0;0;"-3,04464";"-51,49324";"yellow"
"74";2951;0;0;0;0;38;255;179;0;6;0;82;0;0;0;2209;0;0;281;0;39;186;796;0;0;0;0;0;0;0;0;0;2050;0;0;662;0;0;30;116;0;653;0;0;0;0;0;0;0;1737;0;0;1359;0;0;10;15;390;0;0;0;0;0;0;0;0;0;"-7,19209";"-48,20482";"orange"
"75";2547;0;763;134;0;0;0;0;0;0;0;0;0;0;0;2549;0;793;0;102;0;0;0;0;0;0;0;0;0;0;0;0;2507;0;801;0;101;0;0;0;35;0;0;0;0;0;0;0;0;2542;0;821;0;0;81;0;0;0;0;0;0;0;0;0;0;0;0;"-5,9673";"-49,64498";"black with a varied cream pattern"
"76";3442;0;0;0;0;0;0;0;0;0;0;0;0;0;0;3442;0;0;0;0;0;0;0;0;0;0;0;0;0;0;0;0;3442;0;0;0;0;0;0;0;0;0;0;0;0;0;0;0;0;3442;0;0;0;0;0;0;0;0;0;0;0;0;0;0;0;0;0;"-9,5975";"-55,93133";"yellow with black vermiculations"
"77";2862;0;609;0;0;0;0;0;0;0;0;0;0;0;0;2302;0;312;0;7;0;0;644;0;0;0;0;206;0;0;0;0;2096;0;414;0;0;15;0;0;0;946;0;0;0;0;0;0;0;2193;0;533;0;0;0;0;0;650;0;0;0;0;95;0;0;0;0;"-10,04215";"-56,39108";"yellow with black vermiculations"
"78";0;0;3;956;0;0;0;309;2127;73;0;0;0;0;0;0;0;0;0;989;0;0;0;2358;121;0;0;0;0;0;0;0;0;0;0;0;979;0;0;0;0;0;2420;69;0;0;0;0;0;0;0;0;0;0;1002;0;0;4;2419;43;0;0;0;0;0;0;0;"-3,08392";"-51,77628";"orange"
"79";3332;0;0;0;0;0;0;0;0;0;0;81;0;0;0;2770;0;0;506;6;0;0;67;0;64;0;0;0;0;0;0;0;2728;0;0;392;95;0;0;0;0;183;0;15;0;0;0;0;0;2604;0;0;782;0;13;0;0;10;0;4;0;0;0;0;0;0;0;"-3,20442";"-52,20791";"orange"
"80";2538;0;716;52;0;100;28;0;0;0;0;0;0;0;0;2538;0;733;0;35;100;28;0;0;0;0;0;0;0;0;0;0;2488;0;741;0;33;0;97;29;0;46;0;0;0;0;0;0;0;2497;0;752;0;0;20;84;39;42;0;0;0;0;0;0;0;0;0;"-6,31718";"-55,78328";"black with blue to green spots"
"81";2545;0;761;135;0;0;0;0;0;0;0;0;0;0;0;2547;0;791;0;103;0;0;0;0;0;0;0;0;0;0;0;0;2505;0;799;0;102;0;0;0;35;0;0;0;0;0;0;0;0;2540;0;820;0;0;81;0;0;0;0;0;0;0;0;0;0;0;0;"-9,5734";"-55,90714";"yellow with black vermiculations"
"82";2639;0;782;0;0;0;0;39;0;0;0;0;0;0;0;2603;0;676;0;0;0;0;181;0;0;0;0;0;0;0;0;0;2287;0;772;0;0;0;0;0;0;401;0;0;0;0;0;0;0;2257;0;740;0;0;0;0;0;444;0;0;0;0;19;0;0;0;0;"-9,59758";"-55,93126";"yellow with black vermiculations"
"83";2810;0;545;90;0;0;0;0;0;0;0;0;0;0;0;2810;0;569;0;66;0;0;0;0;0;0;0;0;0;0;0;0;2788;0;578;0;61;0;0;0;18;0;0;0;0;0;0;0;0;2806;0;592;0;0;47;0;0;0;0;0;0;0;0;0;0;0;0;"-2,3457";"-52,17179";"yellow with black vermiculations"
"84";0;0;402;557;0;0;0;0;0;0;0;0;0;2499;0;0;0;458;0;799;0;0;0;0;0;0;0;2201;0;0;0;0;0;0;395;0;632;2431;0;0;0;0;0;0;0;0;0;0;0;0;0;395;0;0;1063;0;0;0;0;0;0;0;2000;0;0;0;0;"-9,60402";"-55,92594";"yellow with black vermiculations"
"85";2384;0;979;76;0;0;0;0;0;0;0;0;0;0;0;2384;0;999;0;56;0;0;0;0;0;0;0;0;0;0;0;0;2384;0;999;0;56;0;0;0;0;0;0;0;0;0;0;0;0;2384;0;1011;0;0;44;0;0;0;0;0;0;0;0;0;0;0;0;"-1,78847";"-52,26569";"red"
"86";2374;0;0;1;0;10;0;1076;0;18;0;0;0;27;0;1358;0;0;0;0;10;0;2080;0;30;0;0;28;0;0;0;0;778;0;0;0;0;30;8;0;0;2690;0;0;0;0;0;0;0;548;0;0;0;0;0;0;0;2949;0;0;9;0;0;0;0;0;0;"-9,60497";"-55,93819";"yellow with black vermiculations"
"87";3222;0;0;0;0;0;0;267;0;0;0;0;0;0;0;3176;0;0;0;0;0;0;313;0;0;0;0;0;0;0;0;0;3172;0;0;0;0;0;0;0;0;317;0;0;0;0;0;0;0;3172;0;0;0;0;0;0;0;317;0;0;0;0;0;0;0;0;0;"-4,3646";"-49,35984";"orange"
"88";2545;0;761;135;0;0;0;0;0;0;0;0;0;0;0;2547;0;791;0;103;0;0;0;0;0;0;0;0;0;0;0;0;2505;0;799;0;102;0;0;0;35;0;0;0;0;0;0;0;0;2540;0;820;0;0;81;0;0;0;0;0;0;0;0;0;0;0;0;"-3,17651";"-49,99938";"yellow"
"89";2545;0;761;135;0;0;0;0;0;0;0;0;0;0;0;2547;0;791;0;103;0;0;0;0;0;0;0;0;0;0;0;0;2505;0;799;0;102;0;0;0;35;0;0;0;0;0;0;0;0;2540;0;820;0;0;81;0;0;0;0;0;0;0;0;0;0;0;0;"-9,59758";"-55,93126";"yellow with black vermiculations"
"90";2545;0;761;135;0;0;0;0;0;0;0;0;0;0;0;2547;0;791;0;103;0;0;0;0;0;0;0;0;0;0;0;0;2505;0;799;0;102;0;0;0;35;0;0;0;0;0;0;0;0;2540;0;820;0;0;81;0;0;0;0;0;0;0;0;0;0;0;0;"-9,59758";"-55,93126";"yellow with black vermiculations"
"91";3423;0;0;0;0;37;0;0;0;0;0;0;66;0;0;3423;0;0;0;0;37;0;0;0;0;0;66;0;0;0;0;0;3370;0;0;0;0;0;37;0;0;53;0;0;0;66;0;0;0;3302;0;0;0;0;0;37;0;121;0;0;0;66;0;0;0;0;0;"-9,59758";"-55,93126";"yellow with black vermiculations"
"92";2096;0;1140;201;0;0;0;0;0;0;0;0;0;0;0;2095;0;1171;0;171;0;0;0;0;0;0;0;0;0;0;0;0;2096;0;1175;0;166;0;0;0;0;0;0;0;0;0;0;0;0;2099;0;1204;0;0;134;0;0;0;0;0;0;0;0;0;0;0;0;"-6,7285";"-48,092";"orange"
"93";2562;0;749;135;0;0;0;0;0;0;0;0;0;0;0;2564;0;779;0;103;0;0;0;0;0;0;0;0;0;0;0;0;2522;0;787;0;102;0;0;0;35;0;0;0;0;0;0;0;0;2557;0;808;0;0;81;0;0;0;0;0;0;0;0;0;0;0;0;"-9,6197";"-55,93122";"yellow with black vermiculations"
"94";2678;0;97;0;0;407;328;0;0;0;0;0;0;0;0;2269;0;36;0;0;407;328;470;0;0;0;0;0;0;0;0;0;1284;0;22;0;0;0;409;341;0;1454;0;0;0;0;0;0;0;1483;0;30;0;0;0;401;341;1255;0;0;0;0;0;0;0;0;0;"-9,59749";"-55,9321";"yellow with black vermiculations"
"95";3504;0;0;0;0;0;0;0;0;0;0;0;0;0;0;3504;0;0;0;0;0;0;0;0;0;0;0;0;0;0;0;0;3504;0;0;0;0;0;0;0;0;0;0;0;0;0;0;0;0;3504;0;0;0;0;0;0;0;0;0;0;0;0;0;0;0;0;0;"-6,46836";"-50,05532";"black with blue to green spots"
"96";3504;0;0;0;0;0;0;0;0;0;0;0;0;0;0;3504;0;0;0;0;0;0;0;0;0;0;0;0;0;0;0;0;3504;0;0;0;0;0;0;0;0;0;0;0;0;0;0;0;0;3504;0;0;0;0;0;0;0;0;0;0;0;0;0;0;0;0;0;"-6,09243";"-49,96212";"black"
"97";1491;0;0;0;0;0;0;396;0;23;0;0;408;0;1212;468;0;0;0;0;0;0;1821;0;0;0;370;0;871;0;0;0;373;0;0;0;0;0;0;0;0;2939;0;0;0;57;161;0;0;555;0;0;0;0;0;0;0;1804;0;0;0;115;0;1043;0;13;0;"-6,08033";"-50,04137";"black"
"98";493;0;0;0;0;0;0;123;2500;78;0;0;275;0;57;431;0;0;0;0;0;0;349;2629;1;0;112;0;4;0;0;0;365;0;0;0;0;0;0;0;0;302;2732;0;0;127;0;0;0;379;0;0;0;0;0;0;0;149;2804;0;0;173;0;21;0;0;0;"-7,15026";"-48,04339";"orange"
"99";1594;0;0;0;0;0;0;47;1446;417;0;0;0;0;0;1720;0;0;0;0;0;0;51;1455;278;0;0;0;0;0;0;0;1883;0;0;0;0;0;0;0;4;16;1464;137;0;0;0;0;0;1833;0;0;51;0;0;0;0;4;1466;150;0;0;0;0;0;0;0;"-958445";"-5592094";"yellow with black vermiculations"
"100";1573;0;0;0;0;320;1338;239;0;0;49;0;0;0;0;1525;0;0;0;0;296;1370;328;0;0;0;0;0;0;0;0;0;1527;0;0;0;0;0;495;1318;0;179;0;0;0;0;0;0;0;1524;0;0;0;0;0;289;1372;334;0;0;0;0;0;0;0;0;0;"-709264";"-4820129";"orange"
"101";3375;0;0;0;0;0;0;0;0;0;0;0;0;0;0;3375;0;0;0;0;0;0;0;0;0;0;0;0;0;0;0;0;3375;0;0;0;0;0;0;0;0;0;0;0;0;0;0;0;0;3375;0;0;0;0;0;0;0;0;0;0;0;0;0;0;0;0;0;"-8,26244";"-49,2695";"yellow with black vermiculations"
"102";3384;0;0;0;0;0;0;0;0;0;0;0;0;0;0;3384;0;0;0;0;0;0;0;0;0;0;0;0;0;0;0;0;3384;0;0;0;0;0;0;0;0;0;0;0;0;0;0;0;0;3384;0;0;0;0;0;0;0;0;0;0;0;0;0;0;0;0;0;"-6,0685";"-50,0671";"black"
"103";3377;0;40;0;0;0;0;0;0;0;0;0;0;0;0;3377;0;40;0;0;0;0;0;0;0;0;0;0;0;0;0;0;2095;0;40;0;0;0;0;0;0;1268;0;14;0;0;0;0;0;476;0;33;0;0;0;0;0;2893;0;14;0;0;1;0;0;0;0;"-6,3306";"-49,965";"black"
"104";3412;0;0;0;0;0;0;0;0;0;0;0;0;0;0;3412;0;0;0;0;0;0;0;0;0;0;0;0;0;0;0;0;3354;0;0;0;0;0;0;0;0;58;0;0;0;0;0;0;0;3227;0;0;0;0;0;0;0;185;0;0;0;0;0;0;0;0;0;"-5,6304";"-57,0838";"black with blue to green spots"
"105";3416;0;0;0;0;0;0;0;0;0;0;0;0;0;0;3416;0;0;0;0;0;0;0;0;0;0;0;0;0;0;0;0;2673;0;0;0;0;0;0;0;0;743;0;0;0;0;0;0;0;1823;0;0;0;0;0;0;0;1546;0;0;0;0;0;0;47;0;0;"-5,4952";"-56,7452";"yellow"
"106";3410;0;0;0;0;0;0;0;0;0;0;0;0;0;0;3410;0;0;0;0;0;0;0;0;0;0;0;0;0;0;0;0;2256;0;0;0;0;0;0;0;0;1154;0;0;0;0;0;0;0;662;0;0;0;0;0;0;0;2742;0;0;0;0;0;0;6;0;0;"-6,3743";"-55,79677";"white-spotted"
"107";3461;0;0;0;0;0;0;0;0;0;0;0;0;0;0;3461;0;0;0;0;0;0;0;0;0;0;0;0;0;0;0;0;2694;0;0;0;0;0;0;0;0;767;0;0;0;0;0;0;0;1753;0;0;0;0;0;0;0;1708;0;0;0;0;0;0;0;0;0;"-6,2729";"-55,6612";"white-spotted"
"108";161;0;775;1059;0;0;0;51;0;0;0;0;0;1424;0;161;0;618;0;1903;0;0;75;0;0;0;0;713;0;0;0;0;161;0;685;0;1400;1194;0;0;0;30;0;0;0;0;0;0;0;167;0;537;0;0;1231;0;0;0;0;0;0;0;1535;0;0;0;0;"-6,2391";"-55,8306";"white-spotted"
"109";2200;0;0;0;0;385;926;0;0;0;0;0;0;0;0;2200;0;0;0;0;382;929;0;0;0;0;0;0;0;0;0;0;1974;0;0;1424;0;0;10;103;0;0;0;0;0;0;0;0;0;1605;0;0;1905;0;0;1;0;0;0;0;0;0;0;0;0;0;0;"-6,1714";"-55,7629";"white-spotted"
"110";263;0;0;0;0;222;2966;4;0;0;0;0;66;0;0;202;0;0;0;0;201;2974;64;0;0;0;64;16;0;0;0;0;180;0;0;0;0;14;212;2997;45;11;0;0;0;62;0;0;0;152;0;0;0;0;0;134;2978;173;0;0;0;56;0;0;0;0;28;"-3,7028";"-52,308";"orange"
"111";3371;0;0;0;0;149;0;0;0;0;0;0;0;0;0;411;0;0;0;0;165;0;2941;0;3;0;0;0;0;0;0;0;347;0;0;0;0;0;164;0;0;3009;0;0;0;0;0;0;0;611;0;0;0;0;0;161;0;2723;0;0;0;0;0;0;25;0;0;"-3,4662";"-51,6984";"yellow"
"112";3500;0;0;0;0;0;0;0;0;0;0;0;0;0;0;3500;0;0;0;0;0;0;0;0;0;0;0;0;0;0;0;0;3500;0;0;0;0;0;0;0;0;0;0;0;0;0;0;0;0;3500;0;0;0;0;0;0;0;0;0;0;0;0;0;0;0;0;0;"-6,4082";"-50,3097";"black"
"113";3485;0;2;0;0;0;0;0;0;0;0;0;0;0;0;3480;0;2;0;5;0;0;0;0;0;0;0;0;0;0;0;0;3478;0;2;0;7;0;0;0;0;0;0;0;0;0;0;0;0;3228;0;2;0;0;25;0;0;232;0;0;0;0;0;0;0;0;0;"-6,2729";"-48,4468";"orange"
"114";3489;0;0;0;0;0;0;0;0;0;0;0;0;0;0;3489;0;0;0;0;0;0;0;0;0;0;0;0;0;0;0;0;3489;0;0;0;0;0;0;0;0;0;0;0;0;0;0;0;0;3489;0;0;0;0;0;0;0;0;0;0;0;0;0;0;0;0;0;"-6,1038";"-48,379";"orange"
"115";3486;0;0;0;0;0;0;0;0;0;0;0;0;0;0;3486;0;0;0;0;0;0;0;0;0;0;0;0;0;0;0;0;3326;0;0;0;0;0;0;0;0;160;0;0;0;0;0;0;0;993;0;0;0;0;0;0;0;2411;0;0;82;0;0;0;0;0;0;"-3,5676";"-49,7338";"orange"
"116";2229;0;342;0;0;14;0;903;0;0;0;0;0;6;0;1829;0;422;0;0;0;0;1243;0;0;0;0;0;0;0;0;0;2085;0;467;0;0;0;0;0;0;942;0;0;0;0;0;0;0;2009;0;430;0;0;0;0;0;1055;0;0;0;0;0;0;0;0;0;"-3,2633";"-50,5242";"yellow"
"117";3361;0;122;0;0;0;0;0;0;0;0;0;0;0;0;3363;0;120;0;0;0;0;0;0;0;0;0;0;0;0;0;0;3360;0;123;0;0;0;0;0;0;0;0;0;0;0;0;0;0;3352;0;120;0;0;0;0;0;11;0;0;0;0;0;0;0;0;0;"-3,3309";"-50,3661";"yellow"
"118";3475;0;0;0;0;0;0;0;0;0;0;0;0;0;0;3475;0;0;0;0;0;0;0;0;0;0;0;0;0;0;0;0;3475;0;0;0;0;0;0;0;0;0;0;0;0;0;0;0;0;3475;0;0;0;0;0;0;0;0;0;0;0;0;0;0;0;0;0;"-3,4549";"-50,4225";"yellow"
"119";3478;0;0;0;0;0;0;0;0;0;0;0;0;0;0;3478;0;0;0;0;0;0;0;0;0;0;0;0;0;0;0;0;3478;0;0;0;0;0;0;0;0;0;0;0;0;0;0;0;0;3478;0;0;0;0;0;0;0;0;0;0;0;0;0;0;0;0;0;"-2,6575";"-49,5306";"orange"
"120";0;0;0;3465;0;0;0;0;0;0;0;0;0;0;0;0;0;0;0;3465;0;0;0;0;0;0;0;0;0;0;0;0;0;0;0;0;3465;0;0;0;0;0;0;0;0;0;0;0;0;0;0;0;0;0;3465;0;0;0;0;0;0;0;0;0;0;0;0;"-1,9092";"-51,3258";"orange"
"121";3386;0;0;0;0;0;0;0;0;0;0;0;0;0;0;3386;0;0;0;0;0;0;0;0;0;0;0;0;0;0;0;0;3386;0;0;0;0;0;0;0;0;0;0;0;0;0;0;0;0;3386;0;0;0;0;0;0;0;0;0;0;0;0;0;0;0;0;0;"-1,8469";"-51,4612";"orange"
"122";0;0;692;2692;0;0;0;0;0;0;0;0;0;0;0;0;0;703;0;2681;0;0;0;0;0;0;0;0;0;0;0;0;0;0;709;0;2675;0;0;0;0;0;0;0;0;0;0;0;0;2;0;678;0;0;2696;0;0;0;0;0;0;0;8;0;0;0;0;"-2,0688";"-51,4421";"light sky blue"
"123";1473;0;1995;0;0;0;0;0;0;0;0;0;0;0;0;1473;0;1995;0;0;0;0;0;0;0;0;0;0;0;0;0;0;1473;0;1995;0;0;0;0;0;0;0;0;0;0;0;0;0;0;1473;0;1995;0;0;0;0;0;0;0;0;0;0;0;0;0;0;0;"-2,2257";"-52,1387";"orange"
"124";2821;0;654;0;0;0;0;0;0;0;0;0;0;0;0;2821;0;654;0;0;0;0;0;0;0;0;0;0;0;0;0;0;2821;0;654;0;0;0;0;0;0;0;0;0;0;0;0;0;0;2821;0;654;0;0;0;0;0;0;0;0;0;0;0;0;0;0;0;"-5,1912";"-56,7451";"orange"
"125";3460;0;0;0;0;0;0;0;0;0;0;0;0;0;0;3460;0;0;0;0;0;0;0;0;0;0;0;0;0;0;0;0;3274;0;0;0;0;0;0;0;0;186;0;0;0;0;0;0;0;3265;0;0;0;0;0;0;0;195;0;0;0;0;0;0;0;0;0;"-4,7195";"-56,5193";"orange"
"126";0;0;0;3463;0;0;0;0;0;0;0;0;0;0;0;0;0;0;0;3463;0;0;0;0;0;0;0;0;0;0;0;0;0;0;0;0;3463;0;0;0;0;0;0;0;0;0;0;0;0;0;0;0;0;0;3463;0;0;0;0;0;0;0;0;0;0;0;0;"-2,0881";"-51,6419";"orange"
"127";3472;0;0;0;0;0;0;0;0;0;0;0;0;0;0;3472;0;0;0;0;0;0;0;0;0;0;0;0;0;0;0;0;3472;0;0;0;0;0;0;0;0;0;0;0;0;0;0;0;0;3472;0;0;0;0;0;0;0;0;0;0;0;0;0;0;0;0;0;"-2,3499";"-51,6645";"light sky blue"
"128";1971;0;102;0;0;0;0;1345;0;0;0;0;0;18;0;116;0;11;0;0;0;0;3299;0;0;0;0;10;0;0;0;0;124;0;0;0;8;9;0;0;0;1647;0;0;1648;0;0;0;0;136;0;0;0;0;1;0;0;1085;0;0;2011;0;0;0;203;0;0;"-2,319";"-51,8338";"light sky blue"
"129";2849;0;0;0;0;0;0;670;0;0;0;0;0;0;0;1368;0;0;0;0;0;0;2151;0;0;0;0;0;0;0;0;0;1024;0;0;0;0;0;0;0;0;2495;0;0;0;0;0;0;0;714;0;0;0;0;0;0;0;2805;0;0;0;0;0;0;0;0;0;"-2,602";"-51,9693";"light sky blue"
"130";3511;0;0;0;0;0;0;0;0;0;0;0;0;0;0;3511;0;0;0;0;0;0;0;0;0;0;0;0;0;0;0;0;3511;0;0;0;0;0;0;0;0;0;0;0;0;0;0;0;0;3511;0;0;0;0;0;0;0;0;0;0;0;0;0;0;0;0;0;"-2,5058";"-51,2806";"light sky blue"
"131";3495;0;0;0;0;0;0;0;0;0;0;0;0;0;0;3495;0;0;0;0;0;0;0;0;0;0;0;0;0;0;0;0;3495;0;0;0;0;0;0;0;0;0;0;0;0;0;0;0;0;3495;0;0;0;0;0;0;0;0;0;0;0;0;0;0;0;0;0;"-9,92831";"-56,1772";"yellow with black vermiculations"
"132";3271;0;0;0;0;0;0;0;0;0;0;0;213;0;0;3257;0;0;0;0;0;0;14;0;0;0;213;0;0;0;0;0;2275;0;0;0;0;0;0;0;0;978;0;0;0;231;0;0;0;943;0;0;0;0;0;0;0;2541;0;0;0;0;0;0;0;0;0;"-6,4874";"-49,768";"black with a varied cream pattern"
"133";3305;0;0;0;0;0;0;154;0;0;0;0;0;0;0;3174;0;0;0;0;0;0;285;0;0;0;0;0;0;0;0;0;2333;0;0;0;0;0;0;0;0;1126;0;0;0;0;0;0;0;2279;0;0;0;0;0;0;0;1180;0;0;0;0;0;0;0;0;0;"-5,9856";"-50,5401";"black"
"134";347;0;0;0;0;0;0;181;0;0;0;0;2871;0;143;240;0;0;0;0;0;0;472;0;0;0;2672;0;158;0;0;0;280;0;0;0;0;0;0;0;0;765;0;17;0;2366;114;0;0;337;0;0;0;0;0;0;0;1024;0;0;0;2030;0;137;0;14;0;"-7,1326";"-51,6898";"orange"
"135";280;0;0;0;0;420;2797;29;0;0;0;0;8;0;0;280;0;0;0;0;421;2797;29;0;0;0;7;0;0;0;0;0;280;0;0;0;0;0;420;2798;0;29;0;0;0;7;0;0;0;280;0;0;0;0;0;249;2824;173;0;0;0;8;0;0;0;0;0;"-6,1917";"-52,1584";"orange"
"136";3292;0;0;0;0;0;0;222;0;0;0;0;0;0;0;818;0;0;0;0;0;0;2696;0;0;0;0;0;0;0;0;0;513;0;0;0;0;0;0;0;0;3001;0;0;0;0;0;0;0;457;0;0;0;0;0;0;0;3043;0;0;0;0;0;0;14;0;0;"-3,3781";"-52,6042";"orange"
"137";726;0;0;0;0;0;0;2786;0;6;0;0;0;0;0;799;0;0;0;0;0;0;2719;0;0;0;0;0;0;0;0;0;1184;0;0;0;0;0;0;0;0;2334;0;0;0;0;0;0;0;1250;0;0;0;0;0;0;0;2268;0;0;0;0;0;0;0;0;0;"-7,8584";"-47,9672";"orange"
"138";3518;0;0;0;0;0;0;0;0;0;0;0;0;0;0;3342;0;0;0;0;0;0;176;0;0;0;0;0;0;0;0;0;1272;0;0;0;0;0;0;0;0;2246;0;0;0;0;0;0;0;1099;0;0;0;0;0;0;0;2415;0;0;0;0;0;0;0;4;0;"-6,1648";"-48,4871";"orange"
"139";0;0;0;3515;0;0;0;0;0;0;0;0;0;0;0;0;0;0;0;3515;0;0;0;0;0;0;0;0;0;0;0;0;0;0;0;0;3515;0;0;0;0;0;0;0;0;0;0;0;0;0;0;0;0;0;3515;0;0;0;0;0;0;0;0;0;0;0;0;"-5,7527";"-48,3527";"orange"
"140";3516;0;0;0;0;0;0;0;0;0;0;0;0;0;0;3516;0;0;0;0;0;0;0;0;0;0;0;0;0;0;0;0;3244;0;0;0;0;0;0;0;0;23;0;0;33;0;0;216;0;3245;0;0;0;0;0;0;0;8;0;0;263;0;0;0;0;0;0;"-4,9014";"-47,4882";"orange"
"141";1030;0;0;0;0;0;0;2468;15;0;0;0;0;0;0;1335;0;0;0;0;0;0;2120;38;0;18;0;0;0;2;0;0;1288;0;0;0;0;0;0;0;0;646;67;0;813;0;0;699;0;1251;0;0;0;0;0;0;0;860;73;0;524;0;0;0;805;0;0;"-4,5161";"-47,0783";"orange"
"142";3050;0;46;351;0;0;0;0;0;0;0;0;0;55;0;3057;0;55;0;237;0;0;0;0;0;0;0;153;0;0;0;0;3041;0;38;0;346;77;0;0;0;0;0;0;0;0;0;0;0;3051;0;23;0;0;404;0;0;0;0;0;0;0;24;0;0;0;0;"-2,5179";"-44,3263";"orange"
"143";104;0;68;3114;0;117;0;0;0;0;0;0;0;90;0;99;0;73;0;3118;120;0;0;0;3;0;0;80;0;0;0;0;83;0;63;0;3142;33;1;0;0;0;63;108;0;0;0;0;0;71;0;67;0;0;3140;0;0;0;155;26;0;0;34;0;0;0;0;"-3,0466";"-47,2522";"orange"
"144";3478;0;0;0;0;0;0;0;0;0;0;0;0;0;0;3478;0;0;0;0;0;0;0;0;0;0;0;0;0;0;0;0;3478;0;0;0;0;0;0;0;0;0;0;0;0;0;0;0;0;3478;0;0;0;0;0;0;0;0;0;0;0;0;0;0;0;0;0;"-2,9569";"-47,4386";"orange"
"145";420;0;48;3008;0;0;0;0;0;0;0;0;0;0;0;419;0;41;0;3016;0;0;0;0;0;0;0;0;0;0;0;0;420;0;33;0;3023;0;0;0;0;0;0;0;0;0;0;0;0;421;0;34;0;0;3021;0;0;0;0;0;0;0;0;0;0;0;0;"-4,3727";"-49,6113";"orange"
"146";3379;0;0;0;0;0;0;0;0;0;0;0;0;0;0;3379;0;0;0;0;0;0;0;0;0;0;0;0;0;0;0;0;3379;0;0;0;0;0;0;0;0;0;0;0;0;0;0;0;0;3379;0;0;0;0;0;0;0;0;0;0;0;0;0;0;0;0;0;"-1,5054";"-48,7325";"orange"
"147";1449;0;2049;0;0;0;0;0;0;0;0;0;0;0;0;1449;0;2049;0;0;0;0;0;0;0;0;0;0;0;0;0;0;1449;0;2049;0;0;0;0;0;0;0;0;0;0;0;0;0;0;1449;0;2049;0;0;0;0;0;0;0;0;0;0;0;0;0;0;0;"-1,6398";"-51,3818";"orange"
"148";3352;0;93;44;0;0;0;0;0;0;0;0;0;0;0;3293;0;71;0;125;0;0;0;0;0;0;0;0;0;0;0;0;2366;0;69;0;132;0;0;0;0;922;0;0;0;0;0;0;0;2240;0;67;0;0;141;0;0;1015;0;0;16;0;0;0;10;0;0;"-1,8011";"-51,3378";"orange"
"149";3465;0;0;0;0;0;0;0;0;0;0;0;0;0;0;3465;0;0;0;0;0;0;0;0;0;0;0;0;0;0;0;0;3465;0;0;0;0;0;0;0;0;0;0;0;0;0;0;0;0;3465;0;0;0;0;0;0;0;0;0;0;0;0;0;0;0;0;0;"-4,9998";"-56,7419";"yellow"
"150";3124;0;380;0;0;0;0;0;0;6;0;0;0;0;0;3092;0;316;0;0;0;0;85;0;17;0;0;0;0;0;0;0;2939;0;338;0;0;0;0;0;34;182;0;17;0;0;0;0;0;2659;0;399;0;0;0;0;0;433;0;19;0;0;0;0;0;0;0;"-7,3387";"-51,7068";"yellow"
"151";3317;0;0;0;0;0;0;71;0;0;0;0;0;0;0;3388;0;0;0;0;0;0;0;0;0;0;0;0;0;0;0;0;3388;0;0;0;0;0;0;0;0;0;0;0;0;0;0;0;0;3388;0;0;0;0;0;0;0;0;0;0;0;0;0;0;0;0;0;"-3,4139";"-50,4799";"yellow"
"152";3506;0;0;0;0;0;0;0;0;0;0;0;0;0;0;3506;0;0;0;0;0;0;0;0;0;0;0;0;0;0;0;0;3506;0;0;0;0;0;0;0;0;0;0;0;0;0;0;0;0;3506;0;0;0;0;0;0;0;0;0;0;0;0;0;0;0;0;0;"-2,0161";"-51,6495";"yellow"
"153";3508;0;0;0;0;0;0;0;0;0;0;0;0;0;0;3508;0;0;0;0;0;0;0;0;0;0;0;0;0;0;0;0;0;0;0;0;0;0;0;0;0;3094;0;0;414;0;0;0;0;0;0;0;0;0;0;0;0;2841;0;0;269;0;0;0;398;0;0;"-1,129";"-48,3849";"yellow"
"154";2972;0;0;0;0;0;0;545;0;0;0;0;0;0;0;794;0;0;0;0;0;0;2718;0;5;0;0;0;0;0;0;0;796;0;0;0;0;0;0;0;0;2721;0;0;0;0;0;0;0;930;0;0;0;0;0;0;0;2550;0;0;6;0;0;0;31;0;0;"-4,5161";"-56,305";"red"
"155";2500;0;65;907;0;0;0;0;0;0;0;0;0;0;0;2489;0;62;0;921;0;0;0;0;0;0;0;0;0;0;0;0;2496;0;63;0;913;0;0;0;0;0;0;0;0;0;0;0;0;2486;0;55;0;0;925;0;0;6;0;0;0;0;0;0;0;0;0;"-4,2115";"-48,3131";"red"
"156";2786;0;20;668;0;0;0;0;0;0;0;0;0;0;0;2779;0;17;0;678;0;0;0;0;0;0;0;0;0;0;0;0;2771;0;16;0;687;0;0;0;0;0;0;0;0;0;0;0;0;2758;0;9;0;0;707;0;0;0;0;0;0;0;0;0;0;0;0;"-4,4982";"-48,1983";"red"
"157";3416;0;0;0;0;0;0;0;0;0;0;0;0;0;0;3132;0;0;77;0;0;0;207;0;0;0;0;0;0;0;0;0;3105;0;0;179;0;0;0;0;0;132;0;0;0;0;0;0;0;3132;0;0;235;0;0;0;0;49;0;0;0;0;0;0;0;0;0;"-5,3674";"-49,2495";"red"
"158";642;0;0;153;0;2722;0;0;0;0;0;0;0;0;0;421;0;0;0;155;2737;0;204;0;0;0;0;0;0;0;0;0;117;0;0;626;2617;0;7;0;0;150;0;0;0;0;0;0;0;106;0;0;3264;0;135;5;0;7;0;0;0;0;0;0;0;0;0;"-2,0161";"-51,4628";"light sky blue"
